0	How  does  life  insurance  work  when  it's  paid  up? 
1	What  if  life  insurance  is  paid  up?  What  happens? 
2	How  does  life  insurance  pay  off?  What  happens? 
3	What  is  insurance  covered  by  Renters? 
4	What  is  insurance  covered  by  Renters? 
5	Do  you  own  a  homeowner  Pitbull  insurance  company? 
6	Which  long-term  care  insurance  should  you  seek?? 
7	Is  Medicare  going  to  pay  for  prevention  of  smoking? 
8	What  is  Life  Insurance  Eoi? 
9	Which  companies  are  going  to  issue  mentally  ill  life  insurance? 
10	Which  companies  are  going  to  sell  mentally  ill  life  insurance? 
11	So  costly  in  New  York  is  health  insurance? 
12	What  do  we  need  health  insurance? 
13	How  is  an  insurance  claim  made  to  a  renters? 
14	Who's  the  best  life  insurance  scheme? 
15	Who  is  offering  the  best  life  insurance  scheme? 
16	Who  is  the  best  life  insurance  plan  available? 
17	Who  is  offering  the  best  life  insurance  scheme? 
18	What  is  the  investigation  into  my  car  insurance  claim? 
19	When  I  am  pregnant,  how  to  get  health  insurance? 
20	When  I  get  pregnant  health  insurance? 
21	Can  a  corporation  pay  for  insurance  for  disabilities? 
22	Will  homemakers  want  to  cover  a  tree  that  falls  by  my  car? 
23	What  are  the  ways  to  get  health  insurance  started? 
24	Where  to  get  your  health  insurance  started? 
25	Where  do  you  want  health  insurance  to  begin? 
26	What's  Blue  Medigap? 
27	Will  Comp  Employees  have  the  same  benefits  as  Disability? 
28	Is  insurance  for  people  with  disabilities  required? 
29	What  are  my  conditions  for  free  life  insurance? 
30	Why  do  I  need  a  lot  of  free  life  insurance? 
31	What  is  the  amount  of  free  life  insurance  I  need? 
32	What  is  a  1500  claim  form  for  health  insurance? 
33	Could  you  borrow  money  from  the  insurance  company? 
34	Can  the  Renters  Insurance  Borrow  Cash? 
35	Where  to  get  a  quota  for  home  insurance? 
36	What  is  the  limit  for  home  insurance? 
37	Where  can  the  insurance  limit  be  obtained? 
38	To  buy  life  insurance  variable? 
39	How  long  is  the  work  schedule? 
40	How  long  is  the  work  schedule? 
41	Who  is  the  lowest-cost  car  insurance  company? 
42	What  are  Medicare  and  Medicaid  Centers? 
43	How  can  I  claim  insurance  in  File  A  Renters? 
44	What  do  I  need  to  know  on  life  insurance  purchases? 
45	What  is  the  largest  car  insurance  business  in  our  world?? 
46	Does  Home  Owners  cover  damage  to  the  pool? 
47	Why  are  Smokers  paying  for  life  insurance  more? 
48	Why  are  smokers  being  paid  for  life  insurance? 
49	Can  you  get  your  401  K  out  of  cash? 
50	Can  you  get  your  401  K  cash  out? 
51	To  small  business  owners,  what  is  the  best  health  insurance? 
52	To  small  business  owners,  what  is  the  best  health  insurance? 
53	What  are  the  principles  of  disability  insurance? 
54	Is  the  cost  worth  long-term  care  insurance? 
55	What  is  the  underwriter's  position  in  life  insurance? 
56	What  is  the  underwriter's  role  for  life  insurance? 
57	What's  the  position  of  a  subscriber  for  life  insurance? 
58	-  personal  insurance  provides  cover  for  pregnancy? 
59	Want  to  raise  a  pellet  stove  policy  to  homeowners? 
60	How  can  I  decrease  my  car  insurance? 
61	How  do  I  reduce  insurance  for  my  car? 
62	Why  should  you  buy  insurance  for  long-term  care? 
63	Why  do  you  buy  insurance  for  long  term  care? 
64	What  are  some  life  insurance  features? 
65	What  are  some  life  insurance  features? 
66	What  are  some  life  insurance  features? 
67	What  are  some  life  insurance  features? 
68	Are  you  paying  Medicare  Januvia? 
69	If  I  am  obese,  can  I  get  health  insurance? 
70	What  is  not  covered  by  Renters  Insurance? 
71	Why  is  Life  insurance  universal  bad? 
72	Why  does  universal  life  insurance  make  a  bad  deal? 
73	Why  is  Life  Insurance  Evil  Universal? 
74	Why  is  Life  Insurance  Universal  Bad? 
75	How  long  is  Medicare  going  to  pay  SNF? 
76	Do  Homeowners  Cover  Renters  Insurance? 
77	Do  homeowners  cover  insurance  pensioners? 
78	Should  Renters  pay  the  House  for  insurance? 
79	Does  the  House  cover  Renters  Insurance? 
80	How  did  the  annuity  begin? 
81	If  you  started  Annuities? 
82	Should  Medicare  be  paid  for  your  life? 
83	Should  Medicare  be  paid  for  your  life? 
84	Was  life  insurance  a  legacy? 
85	Do  you  have  access  to  Medicare  Cover  Emergency  Room? 
86	What  does  Group  5  mean  by  car  insurance? 
87	What  is  the  Declaration  Form  of  a  Renters  Insurance? 
88	Who  disappointed  Life  Insurance  Companies? 
89	Who  disappointed  Life  Insurance  Companies? 
90	Who  is  entitled  to  the  full  life  insurance  benefit? 
91	Who  is  entitled  to  Whole  Life  Insurance  benefits? 
92	Who  is  the  Whole  Life  Insurance  Benefits? 
93	What  is  the  most  suitable  work  for  car  insurance? 
94	What  is  the  most  suitable  work  for  car  insurance? 
95	Link  Life  Insurance  What  is  that? 
96	Main  Life  Insurance  What  Is? 
97	Core  Life  Insurance  What  is  it? 
98	When  should  I  register  with  Medicare? 
99	When  should  I  sign  with  Medicare? 
100	When  do  I  sign  with  Medicare? 
101	In  Renters  '  Benefits,  what  is  usually  covered? 
102	Where  can  I  register  online  for  Medicare? 
103	Where  do  I  register  online  for  Medicare? 
104	Where  can  I  register  online  for  Medicare? 
105	Does  Robbery  cover  Home  Insurance? 
106	What  are  the  annuities  for  SPIA? 
107	What  are  the  Annuities  of  SPIA? 
108	When  do  you  start  Medicare  Part  D? 
109	Got  Beneficiaries  with  Annuities? 
110	Have  Beneficiaries  Annuities? 
111	Get  Beneficiaries  Annuities? 
112	What  is  Renters  '  Insurance  Required? 
113	What  is  a  funded  pension  plan  for  the  employer? 
114	Could  premiums  be  charged  on  taxes  for  health  insurance? 
115	Is  it  legal  to  pay  auto  insurance? 
116	Who  is  covered  in  Medicare  automatically? 
117	How  is  a  long  term  health  insurance  buying  the  right  old  age? 
118	What  is  the  right  time  to  purchase  insurance  for  long  term  care? 
119	Can  I  get  my  parents  '  long-term  care  insurance? 
120	Can  I  get  my  parents  '  long-term  care  insurance? 
121	Was  GST  Life  Insurance  Applicable? 
122	When  is  the  Medicare  Next  Online  Registration? 
123	Where  can  I  use  Part  B  benefits  for  Medicare? 
124	Will  Maternity  Leave  Replace  Disability  Insurance? 
125	When  to  sign  up  for  Part  A  of  Medicare? 
126	Which  car  insurance  is  not  verified  by  credit? 
127	How  much  should  I  spend  on  insuring  people  with  disabilities? 
128	How  many  should  I  spend  on  insurance  for  disability? 
129	How  much  should  the  cost  of  life  insurance  be? 
130	What  is  the  cost  of  life  insurance? 
131	What  is  life  insurance  premium  meant  to  be? 
132	What  should  be  the  cost  of  life  insurance? 
133	What  should  be  the  rate  of  life  insurance? 
134	What  is  life  insurance  meant  to  cost? 
135	What  is  the  cost  of  life  insurance? 
136	How  to  Code  Medicinal  Flu  Vaccine? 
137	How  will  I  receive  a  lot  of  disability  benefits? 
138	How  many  benefits  do  I  get  from  disability? 
139	Was  Medicare  equipped  by  affordable  medical  equipment? 
140	When  can  I  file  an  insurance  claim  with  homeowners? 
141	How  many  pensioners  must  I  take  out  insurance? 
142	Can  You  Get  Cancer  Life  Insurance? 
143	Do  I  have  to  work  to  get  health  insurance? 
144	What  is  the  best  life  insurance? 
145	Will  homeowners  afford  theft  insurance? 
146	What  is  the  brokerage  of  life  insurance? 
147	What  is  the  sale  of  life  insurance? 
148	What  is  the  brokerage  for  life  insurance? 
149	Can  you  get  online  car  insurance? 
150	Can  you  get  free  car  insurance? 
151	Can  you  get  free  car  insurance? 
152	How  can  I  know  how  many  pensioners  I  need  insurance? 
153	Does  it  provide  short-term  disability  insurance  for  the  federal  government? 
154	How  long  does  a  pensioner's  insurance  claim  take  to  process? 
155	How  long  will  a  pensioner's  insurance  claim  be  processed? 
156	Who  should  I  discuss  life  insurance? 
157	Who  should  I  discuss  life  insurance? 
158	What  Life  Insurance  Need  To  Know? 
159	So  what  does  life  insurance  need  to  know? 
160	What  are  you  interested  in  knowing  about  life  insurance? 
161	Should  Medicare  pay  for  the  cycle? 
162	What  is  secondary  regulating  medicare?? 
163	Can  a  licensed  person  legally  sell  their  life  insurance? 
164	A  licensed  agent  can  legally  sell  their  life  insurance? 
165	What  is  the  cost  of  life  insurance? 
166	When  can  I  change  part  D  of  my  medicine? 
167	What  do  medical  insurers  do? 
168	Does  each  state  need  car  insurance? 
169	How  much  is  the  Health  Insurance  Agent  Commission  doing? 
170	What  is  the  Health  Insurance  Agent  Commission  doing? 
171	If  I  have  hepatitis  C,  can  I  get  health  insurance? 
172	If  I  have  hepatitis  C,  can  I  get  health  insurance? 
173	Why  do  women  have  cheaper  car  insurance? 
174	How  do  you  handle  the  annuities? 
175	What  is  Medicare's  Annual  Benefit  Part  D? 
176	Why  do  you  need  insurance  in  pensioners? 
177	May  I  cancel  my  agreement  with  my  car  company? 
178	How  much  do  I  want  to  return  for  an  ultrasound  from  medicare? 
179	Is  volunteer  life  insurance  a  deduction  from  prices? 
180	Was  volunteer  life  insurance  a  deduction  from  the  price? 
181	Was  repair  of  the  sewage  line  covered  by  insurance  of  homeowners? 
182	What  are  plans  for  Medigap? 
183	What  is  Disability  Insurance  Warning  Period? 
184	What  is  Disability  Insurance's  Warning  Period? 
185	How  do  you  feel  like  A  Declaration  of  Health  Insurance? 
186	How  do  you  buy  your  life  insurance? 
187	How  big  is  A  Porsche  Boxster  Car  Insurance? 
188	How  long  does  life  insurance  payment  take  to  collect? 
189	How  long  is  life  insurance  payment  going  to  take  to  collect? 
190	Can  Car  Cover  Repairs  Insurance? 
191	Could  Car  Benefit  Reparations  Insurance? 
192	What  is  a  long-term  insurance  plan  qualified  by  a  tax? 
193	Does  health  insurance  cover  W2  salaries? 
194	Will  Uhaul  cover  car  insurance? 
195	Does  Uhaul  cover  car  insurance? 
196	Who  is  covered  by  insurance  cover  for  disability? 
197	Do  I  need  Massachusetts  homeowners  '  insurance? 
198	In  Ohio  how  do  you  purchase  car  insurance? 
199	How  much  can  I  get  life  insurance  without  a  medical  examination? 
