0	When Term Life Insurance Is Paid Up, What Happens?
1	Will Pitbull Raise Homeowners Insurance?
2	What  companies  are  going  to  issue  life insurance for mentally ill?
3	The  best  life  insurance  plan  is given by whom?
4	When  pregnant,  how  to  get  medical  insurance?
5	Where to begin seeking health insurance?
6	How much optional life insurance is needed?
7	Where  can  I  get  the  quota  for  home  insurance?
8	How  much  time  do  I  plan  retirement?
9	What  is  the largest company  in  the  Us  for  car  insurance?
10	Can  you  get  a  401  K  cash out?
11	What  is  the life insurance underwriter's  role?
12	How  can  my  car  insurance  be  reduced?
13	What  are  some  life  insurance  features?
14	What  is not covered by renters insurance?
15	How  long  is  SNF  paid  for  by Medicare?
16	When  were  the  annuities  started?
19	What  is  key life-security?
20	When  should  I  register  with  Medicare?
21	Is  Robbery  covered by Home  Insurance?
22	Do Annuities include Beneficiaries?
23	Can  I  deduct  taxes  from  car  insurance?
24	Can  I  get  my  parents a long-term  care  insurance?
25	When  should I sign up for Medicare Part A?
26	How much should life insurance cost?
27	What  should  the  rate  of  life  insurance  be?
28	When  to  file  an  insurance  claim  for  homeowners?
29	Is vandalism covered by homeowners insurance?
30	Can  you  get car  insurance online?
33	How  much  do  you  pay  for  life  insurance?
34	How  much  Commission do Insurance agents take?
35	What  is the cost for Part  D  Medicare?
36	Is  voluntary  life  insurance  a  deduction  from  pre-tax?
38	Is  it  possible  for  car  insurance to cover repairs?
39	Is  Uhaul  covered by  car  insurance?
41	Is  there  private  health  insurance  for  illegal  immigrants?
42	What  does  short-term disability  insurance  cover?
44	How  can  a  self-employed person  save  for  pension?
45	Why do I need life  insurance?
46	To  register  for  Medicare,  what  should  I  do?
47	Is  Januvia  medicinal  covered by Medicare?
48	Who  can get  disability insurance?
51	How  many  Annuities  of  different  kinds  are  there?
52	Is insurance for homeowners obligatory?
53	If  I'm  epileptic,  can  I  get  life  insurance?
54	Is it possible for Felons to buy  life  insurance?
55	Why  isn't  dental  care  medicinally  covered?
56	Is  AD&D  covered by  life  insurance?
58	Why  has  Universal  Life  Insurance  been  established?
59	What's  the  best  policy  to  get  for  life  insurance?
60	Can  you  cancel  any  time  your  car  insurance?
61	Why  do  you  have  life  insurance  turned  down?
62	Is it Ever  A  Good  Idea to get Whole  Life  Insurance?
63	Would  you  buy  car  insurance  without  a  vehicle?
65	Why  not  buy  full  life  insurance?
66	Would  you  demand  a  tax  deduction  for  life  insurance?
67	When is it possible to borrow from  Life  Insurance?
68	What  is  a  good  term life  insurance  rate?
70	How  do  I  discover  if  somebody  has  car  insurance?
71	What  are  my  choices  if  my  teenage  daughter  is  declined  to  apply  to  the  family  automobile  policy?
73	What  kind  of  hospital  bed  will  be  paid  for  by  Medicare?
74	Cobra  Health  Insurance  How  long  does  it  last?
75	Could  I  get  my  parents a  life  insurance?
76	How is home insurance being compared?
77	Will  you  get  cash  value  from  Term  Life  Insurance?
79	What  does  Critical  Health  Insurance  cover?
81	Is  it  possible  to  pay  Life  insurance proceeds  to  A  Minor?
82	How  do  I  provide  employees  with  health  insurance?
83	Who  offers  the  best  protection  for  long-term  care insurance?
84	Could  you  drop  an  insurance  dependent?
85	When  should  universal  life  insurance  be  dropped?
86	Can  you  submit  an  online  Medicare  Card  application?
88	What  is  the  cash  surrender  value  of  Life  Insurance?
90	How  do  life  insurers  check  for  cigarette consumers?
91	If  I  cancel  my  car  insurance,  do  I  receive  a  refund?
92	Who's  got  the  most  affordable  life  insurance?
93	How  does  Life  Insurance  function  When  I  Die?
94	What  is  the  amount  of  claim  that  affects  car  insurance?
95	Is  retired  military  pay qualified as a  retirement  pension  plan?
99	Is  it  more affordable to get van insurance than  car  insurance?
100	How  can  you  decide  how  much  life  insurance  you  need?
101	Will  Life  Insurance  Compensation cover  Natural  Causes  Of  Death?
104	How  is  A  Home  Insurance  Claim  Filed?
105	Could  you  negotiate  rates  for  life  insurance?
106	How  long  can  children  stay  on  car  insurance  from  parents?
108	Who  has  the  most  affordable  life  insurance  rates?
109	Will  the  rates  of  annuity  increase  in  the  future?
110	What  is  the  meaning  of  annuity due?
111	How  much  does  A  40  Year  Old pay for Life  Insurance?
114	What  is  car  insurance  voluntary  deductible?
115	Will  homeowners  insurance pay for pest  removal?
116	Are  sports injuries  covered  by  Health  Insurance?
117	Can  I  get  a  Car  I  Don't  Own an Insurance?
118	How  do  you  save  money  on  renters insurance?
120	If  I  have  cancer,  can  I  get  Disability  Insurance?
123	Who  is  supposed  to  buy  health  insurance  for  a  long  period?
124	Will  the  Cracked  Foundation  be covered by  homeowners   insurance?
128	What  is life insurance  cash  value?
129	What's  the  Best  Life  Insurance plan for my parents?
130	Would  Renters  Pay for A  Stolen  Bike  Insurance?
141 Annuities Are Governed By Whom?
152 What Is The Price Of Disability Insurance?
156 What Is The Price of Medigap Insurance?
160 At What Age Is It Possible To Go On Medicare?
165 Why Does Life Insurance Cost More For Men?
168 How Do You Aquire Disability Insurance?
171 Am I Able To Get Life Insurance If I Have Had A Stroke?
185 What Does Life Insurance Mean?
189	How  can  I  decrease  rates  for  my  car  insurance?
191	What  are  the  quotes  for  Life  Insurance? 
197 Who needs no life insurance?
201	What  is  the  government  employee  pension  plan? 
207	What  is  Life  Insurance's  primary  purpose? 
216 How Does Insurance For Disability Work?
217	How  can  I  get  my  husband's  life  insurance? 
220 Are Psychiatrists Covered By Health Insurance?
225	Can  I  get  a  life  insurance  for  a  70  year  old? 
228 How Does The Test For Smoking Look Like For Life Insurance?
232 What Can I Do With Universal Life Insurance?
235	How  do  I  calculate  the  rental  insurance  amount? 
239	Is Life Insurance Impacted By Divorce? 
245	How  much  is  the  cost  per  year  of  life  insurance? 
246	Where  to  buy  insurance  for  disability? 
247	Is  Medicare  going  to  pay for A  Quad  Cane?
248	How  are  health  insurance  companies  making  money? 
257	How  much  is  insurance  for  cars? 
259	If  I  buy  life  insurance,  what  should  I  know? 
270	What  is  Florida's  Best  Car  Insurance? 
275	Can People With HIV Be Insured?
280	If  I  have  lung  cancer,  can  I  get  life  insurance? 
291	How  soon  can  I  get  medical  insurance? 
305	Where  should  I  purchase  a  New  Jersey  Critical  Illness  Insurance? 
316	How  to  get  insurance  for  long-term  care? 
318	Where  can  I  find  insurance  rates  for  cars? 
319	What  is  the  gap  in  health  insurance? 
320	Could  life  insurance  support  more  than  one person? 
322	IS Health Insurance Included In Child Support? 
