0	Where  does  life  insurance  payment  happen?  What  happens? 
1	Where  does  life  insurance  premium  occur? 
2	When  is  life  insurance  paid  up,  what  does  that  happen? 
3	What  is  insurance  covered  by  Renters? 
4	What  is  the  insurance  cover  for  Renters? 
5	Will  Pitbull  own  a  household  insurance  company? 
6	What  do  you  want  to  see  insuring  long-term  care? 
7	Is  Medicare  going  to  pay  for  cessation  of  smoking? 
8	What  is  Life  Insurance  Eoi? 
9	Which  companies  are  going  to  sell  mentally  ill  Life  Insurance? 
10	Which  companies  are  going  to  sell  a  mentally  ill  life  insurance? 
11	Why  does  health  insurance  in  New  York  cost  so  much? 
12	How  does  health  insurance  be  provided? 
13	How  can  I  claim  insurance  from  Renters? 
14	The  best  life  insurance  scheme,  who  offers? 
15	The  best  life  insurance  plan  is  available  to  whom? 
16	The  Best  Life  Insurance  Plan  Who  Offers? 
17	The  best  life  insurance  scheme  offers  whom? 
18	Why  is  the  investigation  of  my  car  insurance  policy? 
19	When  I  am  pregnant,  how  to  get  health  insurance? 
20	How  can  you  be  insured  when  you  are  pregnant? 
21	Can  a  corporation  pay  for  insurance  against  disability? 
22	Would  insurers  want  to  protect  an  insurance  tree  that  falls  on  my  car? 
23	Where  do  you  want  health  insurance? 
24	Where  do  you  need  health  insurance  to  start  looking? 
25	Where  to  begin  finding  health  insurance? 
26	What's  Blue  Medigap? 
27	Will  Comp  Employees  have  the  same  disability  insurance? 
28	Is  insurance  for  disabled  people  necessary? 
29	What  are  my  requirements  for  free  living  insurance? 
30	How  many  options  do  I  need  for  life  insurance? 
31	How  many  Life  insurance  options  do  I  need? 
32	What  is  a  claim  form  1500  for  health  insurance? 
33	Can  the  Renters  Insurance  Borrow  Money? 
34	Is  it  possible  to  borrow  money  from  the  insurance  company? 
35	What  is  your  limit  for  Home  Insurance? 
36	What  is  the  quota  for  Home  Insurance? 
37	Where  can  I  get  the  quota  for  home  insurance? 
38	To  buy  life  insurance  variable? 
39	What  time  does  it  take  to  plan  a  pension? 
40	How  long  will  I  intend  on  withdrawal? 
41	Who  is  the  least  costly  cover  for  cars? 
42	What  are  Medicare  and  Medicaid  Centers? 
43	How  can  I  file  an  insurance  claim  for  Renters? 
44	What  should  I  know  about  purchasing  life  insurance? 
45	What  is  the  most  important  car  insurance  company  in  us? 
46	Do  the  insurance  cover  losses  to  Home  Owners  Pool? 
47	Why  do  smokers  pay  more  to  insurance  for  life? 
48	How  do  smoking  people  pay  more  for  life  insurance? 
49	Can  you  exit  the  401  K  cash? 
50	Can  you  get  your  401  K  out  of  cash? 
51	What  is  Small  Business  '  Best  Health  Insurance? 
52	What  is  Small  Business  '  Best  Health  Insurance? 
53	What  are  the  basics  of  disability  insurance  I  need  to  know? 
54	Is  it  worth  the  expense  of  Long-term  care  insurance? 
55	What  is  the  position  of  a  subscriber  for  life  insurance? 
56	What  is  the  underwriter's  job  for  life  insurance? 
57	What  is  the  underwriter's  position  in  life  insurance? 
58	What  health  insurance  provides  coverage  of  pregnancy? 
59	Is  A  Pellet  Stove  going  to  grow  insurance  to  homeowners? 
60	How  can  my  car  insurance  be  reduced? 
61	How  can  my  car  insurance  be  decreased? 
62	Why  should  you  buy  insurance  for  long-term  care? 
63	Why  do  you  have  to  buy  a  long-term  insurance? 
64	What  are  some  life  insurance  features? 
65	What  are  some  life  insurance  features? 
66	What  are  some  life  insurance  features? 
67	What  are  some  life  insurance  features? 
68	Were  you  covered  by  Medicare  Januvia? 
69	If  I  am  obese,  can  I  get  health  insurance? 
70	What  is  not  covered  by  Renters  Insurance? 
71	Why  is  Life  Insurance  Universal  bad? 
72	Why  is  Life  Insurance  Universal  bad? 
73	Why  is  Life  Insurance  Universal  Bad? 
74	Why  is  Life  Insurance  Universally  Bad? 
75	How  long  will  the  SNF  be  paid  by  Medicare? 
76	Do  Homeowners  Pay  Renters  Insurance? 
77	Will  insurers  protect  homeowners? 
78	Does  the  House  cover  Renters  Insurance? 
79	Is  insurance  covering  the  House  by  Renters? 
80	When  do  you  start  the  Annuities? 
81	How  did  the  rates  commence? 
82	Is  it  true  that  Medicare  takes  your  life  insurance? 
83	Can  Medicaid  be  insured  for  your  life? 
84	Is  life  insurance  a  legacy? 
85	Do  you  have  an  emergency  room  visit  under  Medicare  Cover? 
86	What  does  the  Group  5  mean  for  car  insurance? 
87	What  is  the  Declaration  Page  of  A  Renters  Insurance? 
88	Who  disappointed  Life  Insurance  Companies? 
89	Who  disappointed  Life  Insurance  Companies? 
90	What  benefits  from  full  life  insurance?  Who  benefits? 
91	What  does  Whole  Life  Insurance  Benefit? 
92	Who  is  the  Whole  Life  Insurance  Benefits? 
93	What  is  the  most  affordable  job  for  car  insurance? 
94	What  is  the  most  affordable  job  for  car  insurance? 
95	Key  Life  Insurance,  what  is  it? 
96	Main  Life  Insurance  What  Is? 
97	Core  Life  Insurance  What  Is  it? 
98	When  should  I  sign  with  Medicare? 
99	When  should  I  sign  with  Medicare? 
100	When  do  I  sign  with  Medicare? 
101	What  does  Renters  insurance  usually  cover? 
102	Where  can  I  sign  up  online  for  Medicare? 
103	Where  do  I  register  online  for  Medicare? 
104	Where  can  I  register  online  for  Medicare? 
105	Would  Robbery  cover  Home  Insurance? 
106	What  are  the  annuities  of  SPIA? 
107	What  are  the  annuities  of  SPIA? 
108	What  is  the  start  of  Medicare  Part  D? 
109	Have  Beneficiaries  Annuities? 
110	Got  Beneficiaries  for  Annuities? 
111	Will  Beneficiaries  annuities? 
112	What  is  Renters  '  Insurance  Required? 
113	What  is  a  sponsored  pension  plan  for  the  employer? 
114	Can  premiums  be  claimed  in  taxes  for  health  insurance? 
115	Can  car  insurance  be  tax-deducted? 
116	Who  is  covered  in  Medicare  automatically? 
117	What  is  the  correct  age  to  buy  insurance  for  long  term  care? 
118	What  is  the  right  age  to  purchase  long-term  insurance? 
119	Can  I  obtain  my  parents  '  long-term  care  insurance? 
120	Can  I  get  my  parents  '  long-term  care  insurance? 
121	Is  GST  Life  Insurance  Applicable? 
122	When  is  the  Next  Medicare  Open  Registration? 
123	Where  to  use  Part  B  benefits  for  Medicare? 
124	Will  Maternity  Leave  Replace  Disability  Insurance? 
125	When  do  I  sign  up  for  Part  A  of  Medicare? 
126	What  car  insurance  can't  check  for  a  credit? 
127	How  much  should  I  pay  on  benefits  for  disability? 
128	How  much  must  I  spend  on  insurance  for  disability? 
129	What  is  the  cost  of  life  insurance? 
130	What  is  life  insurance  meant  to  cost? 
131	What  should  be  the  rate  of  life  insurance? 
132	What  should  the  cost  of  life  insurance  be? 
133	What  should  be  the  rate  of  life  insurance? 
134	What  is  life  insurance  meant  to  cost? 
135	What  should  the  cost  of  life  insurance  be? 
136	How  can  I  code  for  medicinal  flu  vaccine? 
137	How  will  I  receive  many  disability  benefits? 
138	How  many  benefits  do  I  gain  from  disability? 
139	Is  Medicare  covered  by  sustainable  medical  equipment? 
140	When  to  lodge  an  insurance  claim  for  homeowners? 
141	How  many  pensioners  do  I  take  out  insurance? 
142	Can  you  get  cancer  insurance  for  your  life? 
143	Do  I  have  to  fight  for  health  insurance? 
144	What  is  the  best  life  insurance? 
145	Do  homeowners  cover  vandalism  insurance? 
146	What  is  the  brokerage  for  Life  Insurance? 
147	What  is  the  sale  of  life  insurance? 
148	What  is  the  company  for  Life  Insurance? 
149	Can  you  get  online  car  insurance? 
150	Can  you  get  online  car  insurance? 
151	Can  you  get  free  car  insurance? 
152	How  can  I  understand  how  many  pensioners  I  need  insurance? 
153	Are  you  a  short-term  insurer  offered  by  the  Federal  Government? 
154	How  long  does  a  pensioner's  insurance  claim  take  to  process? 
155	How  long  will  a  pensioner's  insurance  claim  be  processed? 
156	Who  should  I  discuss  life  insurance? 
157	Who  should  I  discuss  life  insurance? 
158	How  does  life  insurance  work  for  you? 
159	What  do  you  need  to  know  about  the  insurance  company? 
160	What  are  you  interested  in  knowing  about  life  insurance? 
161	Is  Medicare  payable  by  circumcision? 
162	What  is  the  secondary  provision  of  Medicare? 
163	Can  a  licensed  agent  legally  sell  life  insurance? 
164	Can  a  licensed  person  legally  sell  their  life  insurance? 
165	How  much  do  you  pay  for  life  insurance? 
166	When  can  I  change  section  D  of  my  medicare? 
167	What  are  medical  insurers  doing? 
168	Do  you  need  car  insurance  in  every  state? 
169	How  much  is  the  Health  Insurance  Agent  Commission  doing? 
170	How  is  the  Health  Insurance  Provider  Commission  doing? 
171	If  I  have  Hepatitis  C,  can  I  get  health  insurance? 
172	If  I  have  hepatitis  C,  can  I  get  health  insurance? 
173	Why  are  female  car  insurance  less  expensive? 
174	How  do  you  investigate  annuities? 
175	What  is  Medicare's  Annual  Benefit  Part  D? 
176	In  Renters  Insurance,  what  do  you  need? 
177	Can  I  cancel  my  policy  by  my  automotive  insurance  company? 
178	How  much  do  I  get  back  with  an  ultrasound  from  Medicare? 
179	Is  the  volunteer  insurance  a  deduction  from  pre-tax? 
180	Would  life  insurance  be  a  benefit  for  pricing? 
181	Is  the  substitution  of  the  Sewer  Line  covered  by  insurance  from  homeowners? 
182	What  are  the  plans  for  Medigap? 
183	What  is  Disability  Insurance  Warranty  Period? 
184	What  is  Disability  Insurance  Warning  Period? 
185	How  does  a  statement  of  health  insurance  look? 
186	How  do  you  buy  your  life  insurance? 
187	How  big  is  A  Porsche  Boxster  Car  Insurance? 
188	How  long  does  life  insurance  payment  take  to  collect? 
189	How  long  does  life  insurance  premium  take  to  collect? 
190	Is  it  possible  to  repair  car  cover? 
191	Can  Car  Cover  Reparations  Insurance? 
192	What  is  a  long-term  insurance  program  eligible  in  terms  of  tax? 
193	Is  insurance  covered  by  W2  wages? 
194	Will  Uhaul  cover  car  insurance? 
195	Will  Uhaul  cover  car  insurance? 
196	Who  is  insured  under  insurance  for  disability? 
197	Do  I  need  Massachusetts  insurance? 
198	How  to  purchase  car  insurance  in  Ohio? 
199	How  can  I  get  without  medical  examination  for  my  life  insurance? 
200	What  can  I  do  without  medical  examination  for  life  insurance? 
201	How  can  I  get  life  insurance  without  a  medical  examination? 
202	How  to  take  insurance  for  long  term  care? 
203	What  is  the  point  at  which  life  insurance  ends? 
204	Is  Life  Public  Record  Insurance? 
205	Was  private  health  insurance  applicable  to  illegal  immigrants? 
206	Is  it  possible  to  borrow  life  insurance  from  the  Veterans  Group? 
207	Can  you  buy  life  insurance  from  the  Veterans  Group? 
208	How  can  I  get  Obamacare  Health  Insurance? 
209	What  is  the  short  term  insurance  covered? 
210	How  is  insurance  covered  on  short  term? 
211	How  much  can  you  do  to  sell  insurance  for  life? 
212	What  is  your  ability  to  sell  life  insurance? 
213	How  much  can  you  do  to  insure  your  life? 
214	Does  Drug  Overdose  Life  Insurance  pay  out? 
215	Can  the  renewals  be  desired? 
216	Why  is  my  vehicle  insurance  so  high? 
217	What  Does  Disability  Insurance  Elimination  Duration  Mean? 
218	What  Does  Disability  Insurance  Elimination  Period  Mean? 
219	What  is  VA  Life  Insurance  like? 
220	How  can  an  individual  self-employed  save  for  retirement? 
221	How  can  a  person  employed  save  for  retirement? 
222	Is  it  possible  to  drive  a  vehicle  with  no  insurance? 
223	Is  it  possible  to  drive  a  vehicle  without  insurance? 
224	Is  it  possible  to  drive  a  vehicle  without  any  insurance? 
225	What  is  the  need  for  life  insurance? 
226	Would  you  drive  a  retirement  plan  which  is  not  qualified? 
227	What  is  a  Short  Duration  Policy  on  Health  Insurance? 
228	Home  Insurance  Goal  Compare? 
229	How  can  I  compare  insurance  rates  at  home? 
230	What  must  I  do  to  register  with  Medicare? 
231	Can  you  drop  life  insurance  companies? 
232	Should  you  drop  life  insurance  companies? 
233	Is  it  possible  for  life  insurance  companies  to  abandon  you? 
234	Was  Januvia  medicinal  covered? 
235	Is  Januvia  Medicare  Covered? 
236	How  much  is  insurance  payable  to  homeowners? 
237	When  buying  long-term  care  insurance,  what  factor  should  be  taken  into  account? 
238	When  buying  long-term  insurance,  what  factors  should  be  taken  into  account? 
239	What  is  right  for  federal  employees  health  insurance? 
240	What  applies  for  insurance  cover  for  disability? 
241	Who  qualifies  for  insurance  for  disability? 
242	Who  qualifies  for  insurance  for  disability? 
243	Will  State  Farm  Offer  Insurance  for  Disability? 
244	Who  is  the  grantor  of  a  life  insurance  trust  irrevocable? 
245	How  do  I  know  under  which  conditions  the  critical  disease  plan  covers? 
246	How  do  I  know  under  what  conditions  a  critical  disease  plan  applies? 
247	How  do  I  know  under  which  conditions  a  vital  disease  program  covers? 
248	How  do  I  know  under  which  circumstances  a  vital  disease  program  applies? 
249	How  do  I  know  which  conditions  of  a  critical  disease  plan  are  addressed? 
250	How  can  I  know  under  what  conditions  a  critical  disease  plan  is  covered? 
251	Is  Health  Insurance  going  to  pay  for  the  removal  of  implants? 
252	Does  Health  Insurance  cover  pups? 
253	What  is  more  expensive  insurance  for  cars  or  motorcycles? 
254	How  much  are  there  different  types  of  annuities? 
255	How  are  there  so  many  different  kinds  of  annuities? 
256	What  is  long-term  insurance  for  Metlife? 
257	Do  people  have  a  health  insurance  system  that  is  ethical? 
258	Is  it  ethical  for  individuals  to  be  insured? 
259	Was  insurance  mandatory  for  homeowners? 
260	Was  insurance  mandatory  for  homeowners? 
261	What  is  the  average  insurance  premium  for  disability? 
262	What  is  Average  Life  insurance  like? 
263	Is  the  beneficiary  of  life  insurance  liable  for  debt? 
264	Is  the  beneficiary  of  Life  Insurance  Responsible  for  Debt? 
265	If  I  have  epilepsy,  can  I  get  life  insurance? 
266	What  Do  you  Cover  from  Health  Insurance? 
267	What  do  you  cover  from  health  insurance? 
268	Can  I  buy  life  insurance  from  Felons? 
269	Is  Felons  allowed  to  purchase  life  insurance? 
270	Can  we  purchase  life  insurance  from  Felons? 
271	How  many  people  are  not  insured? 
272	How  does  life  insurance  and  endowment  insurance  differ? 
273	Renters  Pay  Hurricanes  Claims 
274	Can  Smokers  Charge  More  Health  Insurance? 
275	Why  isn't  dental  care  Medicare  covered? 
276	In  Georgia,  where  can  I  get  health  insurance? 
277	What  does  the  voucher  system  mean  by  Medicare? 
278	Expire  at  some  point  for  Life  Insurance? 
279	Does  a  certain  age  of  life  insurance  expire? 
280	Do  you  cover  AD&amp;D  for  life  insurance? 
281	Do  you  cover  AD&amp;D  for  Life  Insurance? 
282	Do  you  cover  AD&amp;D  for  Life  Insurance? 
283	What  is  Medicare  Covered  Glucose  Meter? 
284	Who  is  Western  Life  Insurance  Corporation? 
285	Who  is  Western  Life  Insurance  Corporation? 
286	How  much  does  Medicare  have  each  year? 
287	A  Life  Insurance  Plan  How  much  does  that  matter? 
288	Why  has  Universal  Life  Insurance  been  established? 
289	Why  has  Universal  Life  Insurance  been  established? 
290	Why  has  Universal  Life  Insurance  been  established? 
291	How  Does  Obamacare  Impact  Medicare  Advantage? 
292	How  is  Obamacare  Impaired  to  Medicare  Advantage? 
293	How  is  Obamacare  affected  by  Medicare  Advantage? 
294	How  does  Obamacare  impact  Medicare  Advantage? 
295	What  is  the  best  policy  for  life  insurance? 
296	What  is  the  best  policy  to  get  for  life  insurance? 
297	In  A  Life  Insurance  Policy,  who  is  the  insured? 
298	What  is  the  Advantage  Program  of  Aetna  Medicare? 
299	Can  you  cancel  any  time  car  insurance? 
300	Can  you  unsubscribe  from  car  insurance? 
301	What  does  a  Life  Insurance  Policy  mean  to  give  up  value? 
302	What  does  a  life  insurance  policy  say  for  surrender  value? 
303	What  should  your  pension  plan  include? 
304	Why  would  you  have  life  insurance  downgraded? 
305	Why  would  you  have  life  insurance  downgraded? 
306	Why  do  you  have  life  insurance  turned  down? 
307	Does  State  Farm  Auto  Cover  Rental  Cars  cover  insurance? 
308	Do  you  have  Medicare  CPAP  machines  cover? 
309	Is  Ever  Good  Idea  Whole  Life  Insurance? 
310	Is  Ever  A  Good  Idea  Whole  Life  Insurance? 
311	Is  Ever  A  Good  Idea  Whole  Life  Insurance? 
312	Should  Dwi  cover  car  insurance? 
313	How  do  you  affect  life  insurance  taxes? 
314	What's  Life  Insurance  for  Bankers? 
315	Can  you  get  car  insurance  without  a  car? 
316	Can  you  get  car  insurance  without  car  ownership? 
317	Can  you  get  car  insurance  without  car  ownership? 
318	Can  a  child  be  the  beneficiary  of  Life  Insurance? 
319	May  a  child  be  the  beneficiary  of  life  insurance? 
320	What  is  life  insurance  for  CMFG? 
321	Why  do  the  rates  go  up  for  Car  Insurance? 
322	Why  do  the  rates  go  up  for  car  insurance? 
323	What  is  Option  J  for  Medicare? 
324	Could  I  have  HDHP  and  Medicare? 
325	Why  don't  you  purchase  full  life  insurance? 
326	Why  don't  you  buy  full  life  insurance? 
327	Why  don't  you  buy  full  life  insurance? 
328	How  do  supplements  work  for  Medicare? 
329	Would  you  make  a  tax  deduction  on  life  insurance? 
330	Would  you  demand  a  tax  deduction  for  life  insurance? 
331	Can  I  rent  a  car  with  my  car  insurance? 
332	If  I  am  pregnant,  may  I  get  a  life  insurance  policy? 
333	In  Vermont,  is  home  insurance  required? 
334	If  I  have  Medicare  Advantage,  do  I  need  Medigap? 
335	How  can  you  get  full  life  insurance  borrowing? 
336	When  can  you  take  a  full  life  insurance  borrowing? 
337	How  can  you  get  full  life  insurance  borrowings? 
338	When  can  you  take  full  life  insurance  from  your  purchase? 
339	How  many  pensioners  would  you  purchase  insurance? 
340	What  is  a  good  life  insurance  rate? 
341	What  is  a  good  life  insurance  rate? 
342	What  is  life  insurance  for  key  employees? 
343	What  is  life  insurance  for  key  employees? 
344	What  is  life  insurance  for  key  employees? 
345	What  is  life  insurance  for  key  employees? 
346	Can  I  purchase  my  brother's  life  insurance  policy? 
347	May  I  buy  my  brother's  Life  Insurance  Policy? 
348	Can  I  purchase  my  brother's  life  insurance  policy? 
349	Are  Renters  Legally  Required  Insurance? 
350	How  do  I  find  out  if  somebody  is  insured? 
351	How  do  I  find  out  whether  someone  is  covered  for  automobiles? 
352	How  do  I  discover  if  somebody  is  covered  for  car? 
353	Can  I  cover  my  Gastric  Bypass  health  insurance? 
354	Which  options  have  I  had  if  my  teenage  daughter  refuses  to  be  added  to  the  family  car  policy? 
355	What  are  my  choices  when  my  teenage  daughter  is  not  allowed  to  be  added  to  family  car  policies? 
356	What  is  the  Elimination  Time  of  Disability  Insurance? 
357	What  is  the  period  of  disposal  of  disability  insurance? 
358	In  Indiana,  are  life  insurance  proceeds  protected  against  creditors? 
359	What  is  the  punishment  for  car-free  travel  in  Kentucky? 
360	How  do  you  work  in  cancer  insurance? 
361	How  much  is  personal  insurance? 
362	So  nice  is  personal  health  insurance? 
363	How  should  pensioners  have  insurance? 
364	What  is  the  pension  plan  for  federal  employees? 
365	How  does  Bed  Medicare  Pay  for  Hospital  Bed? 
366	What  is  the  significance  of  the  medicare  suffix? 
367	How  is  insurance  claimed  on  pensioners? 
368	Does  a  trampoline  affect  the  insurance  of  household  owners? 
369	Does  a  trampoline  affect  insurance  for  homeowners? 
370	How  long  is  the  health  insurance  coverage  of  Cobra? 
371	What  is  A  Life  Insurance  Policy's  purpose? 
372	How  do  I  claim  a  policy  on  life  insurance? 
373	What  is  a  deductible  from  car  insurance? 
374	Can  you  purchase  short  term  insurance? 
375	Can  I  get  my  parents  '  life  insurance? 
376	Can  I  get  my  parents  '  life  insurance? 
377	Can  I  get  my  parents  '  life  insurance? 
378	Could  I  get  my  parents  '  life  insurance? 
379	Home  Insurance  Compare? 
380	How  can  I  compare  insurance  at  home? 
381	How  can  I  cancel  policies  for  travelers? 
382	Is  there  any  cash  value  for  Term  Life  Insurance? 
383	Do  you  have  cash  value  on  Term  Life  Insurance? 
384	Do  you  have  a  cash  value  on  Term  Life  Insurance? 
385	Do  you  have  a  cash  value  on  Term  Life  Insurance? 
386	Having  cash  value  is  Term  Life  Insurance? 
387	What's  perfect  for  pensioners  '  insurance? 
388	What  is  Life  Insurance  Guaranteed  Cash  Value? 
389	Who's  the  best  insurance  provider  in  Ohio? 
390	Does  the  policy  of  my  dad  have  life? 
391	When  do  you  cancel  a  policy  for  life  insurance? 
392	Was  my  mother  supplemental  to  my  health  insurance? 
393	What  license  do  I  have  to  sell  rates? 
394	What  is  Critical  Health  Insurance  covered? 
395	What  is  Critical  Health  Insurance  covered? 
396	How  does  my  life  insurance  end?  When  does  my  life  end? 
397	When  my  life  insurance  ends,  what  happens? 
398	When  my  life  insurance  expires  what  happens? 
399	Is  long-term  insurance  worth  volunteering? 
400	Does  long-term  insurance  for  volunteers  make  sense? 
401	Is  my  sister  having  the  insurance  policy  as  she  passes  on  to  my  mother? 
402	Is  my  sister  getting  my  mother's  insurance  policy  when  she  passes? 
403	Is  Health  Insurance  Healthier  for  People? 
404	How  can  I  calculate  my  life  insurance  requirements? 
405	Was  life  insurance  available  to  a  minor? 
406	Was  life  insurance  available  to  a  minor? 
407	What  does  a  universal  life  insurance  policy  target  premium? 
408	How  does  the  Universal  Life  Insurance  Policy  set  premium  rate? 
409	What  is  a  premium  level  for  a  compulsory  life  insurance  policy? 
410	How  do  I  offer  employees  health  insurance? 
411	What  does  life  insurance  supplementary  mean? 
412	Can  I  have  a  provider  for  my  car  insurance? 
413	The  military  has  a  plan  of  withdrawal? 
414	Which  offers  best  care  insurance  on  a  long-term  basis? 
415	Who  offers  the  best  insurance  of  the  long  term? 
416	Who  is  the  best  care  provider  offered? 
417	Who  is  the  best  long  term  insurance  company  offered? 
418	When  does  the  protection  of  disability  work? 
419	When  does  the  protection  of  disability  mean? 
420	Could  you  withdraw  an  insurance  dependent? 
421	Will  Medicare  Program  AB  reimburse  for  knee  replacement  in  2014?  In  2014? 
422	Do  you  have  air  conditioners  for  Renters  Insurance? 
423	How  much  is  a  married  couple's  health  insurance? 
424	How  much  is  a  married  couple's  health  insurance? 
425	When  should  universal  life  insurance  be  dropped? 
426	Is  health  insurance  going  to  pay  the  loss  of  teeth  for  wisdom? 
427	Health  Insurance  is  going  to  pay  for  the  loss  of  wisdom  teeth? 
428	Could  long  term  care  insurance  be  given  to  diabetics? 
429	Is  the  psychologist  going  to  pay  Medicare? 
430	May  you  submit  an  electronic  Medicare  Card? 
431	What  are  some  qualifications  to  receive  disability  coverage? 
432	If  you  are  pregnant,  may  you  get  life  insurance? 
433	What  is  Artificial  Insemination  Health  Insurance? 
434	Is  it  worthwhile  to  take  out  critical  health  insurance? 
435	Is  it  worthwhile  to  have  critical  health  insurance? 
436	What  is  life  insurance  at  what  age? 
437	What  is  life  insurance  going  on  at  how  age? 
438	What  is  life  insurance  going  on  at  how  age? 
439	What  is  the  worth  of  Life  Money  Insurance? 
440	What's  the  value  of  Life  Cash  Insurance? 
441	What  is  the  value  of  Life  Insurance  Cash? 
442	What  is  the  cash  surrender  value  of  Life  Insurance? 
443	Why  is  life  insurance  in  Nevada  so  expensive? 
444	Why  should  you  be  insured? 
445	What  is  the  amount  of  extra  medicine?? 
446	What  is  the  typical  cost  of  life  insurance? 
447	May  I  add  a  dad  to  my  insurance  company? 
448	May  I  add  my  dad  to  my  insurance  company? 
449	What  does  a  retirement  plan  do  with  social  security?? 
