0	Where  do  you  get  payment  for  Term  Life  Insurance? 
1	Does  Pitbull  own  the  insurance  for  homeowners? 
2	What  companies  are  going  to  issue  mentally  ill  life  insurance? 
3	The  best  life  insurance  plan  gives  whom? 
4	When  pregnant,  how  to  get  medical  insurance? 
5	Where  do  you  want  health  insurance  to  start? 
6	Why  do  I  need  unlimited  life  insurance? 
7	Where  can  I  get  the  quota  for  home  insurance? 
8	How  much  time  do  I  plan  to  retire? 
9	What  is  the  most  important  company  in  the  world  for  car  insurance? 
10	Can  you  get  a  401  K  cash  off? 
11	What  is  the  underwriter's  role  of  life  insurance? 
12	How  can  my  car  insurance  be  reduced? 
13	What  are  some  life  insurance  features? 
14	What  is  insurance  not  covered  by  Renters? 
15	How  long  is  the  SNF  paying  for  Medicare? 
16	When  were  the  annuities  launched? 
17	Do  you  visit  the  Medicare  Emergency  Room? 
18	Who  is  entitled  to  the  full  life  insurance  benefit? 
19	What  is  life-security  key? 
20	When  should  I  register  with  Medicare? 
21	Does  Robbery  cover  Home  Insurance? 
22	Have  Beneficiaries  for  Annuities? 
23	Can  I  deduct  taxes  from  car  insurance? 
24	Can  I  get  my  parents  '  long-term  care  insurance? 
25	When  is  Medicare  Part  A  signed  up? 
26	What  Life  Insurance  Cost  Should  Cost? 
27	What  should  the  rate  of  life  insurance  be? 
28	When  to  file  an  insurance  claim  for  homeowners? 
29	Do  homeowners  cover  vandalism  insurance? 
30	Can  you  get  online  car  insurance? 
31	How  long  will  a  pensioners  insurance  claim  be  processed? 
32	How  does  life  insurance  mean  to  you? 
33	How  much  do  you  pay  for  life  insurance? 
34	How  much  is  the  Health  Insurance  Provider  Commission  doing? 
35	What  is  Part  D  of  the  Monthly  Cost? 
36	Is  voluntary  life  insurance  a  deduction  from  pre-tax? 
37	What  is  the  look  of  a  statement  of  Health  Insurance? 
38	Is  it  possible  to  repair  car  insurance? 
39	Does  Uhaul  cover  car  insurance? 
40	How  can  I  get  life  insurance  without  a  medical  examination? 
41	Is  there  private  health  insurance  for  illegal  immigrants? 
42	What  is  the  short-term  insurance  covered? 
43	Annuities  may  be  desired? 
44	How  can  an  employee  save  for  pension? 
45	What  is  the  need  for  life  insurance? 
46	To  register  for  Medicare,  what  should  I  do? 
47	Is  Januvia  medicinal  covered? 
48	Who  applies  for  insurance  cover  for  disability? 
49	What  are  the  conditions  of  a  crucial  disease  plan?  How  do  I  know? 
50	How  do  I  know  under  what  conditions  a  critical  disease  plan  is  covered? 
51	How  many  Annuities  of  different  kinds  are  there? 
52	Was  insurance  mandatory  for  homeowners? 
53	If  I'm  epileptic,  can  I  get  life  insurance? 
54	Felons  should  buy  life  insurance? 
55	Why  isn't  dental  care  medicinally  covered? 
56	Does  AD&amp;D  cover  life  insurance? 
57	Who's  the  Western  NL  Insurance  Company? 
58	Why  has  Universal  Life  Insurance  been  established? 
59	What's  the  best  policy  to  get  for  life  insurance? 
60	Can  you  cancel  any  time  your  car  insurance? 
61	Why  do  you  have  life  insurance  turned  down? 
62	Is  Ever  A  Good  Idea  Whole  Life  Insurance? 
63	Would  you  buy  car  insurance  without  a  vehicle? 
64	What  is  life  insurance  for  CMFG? 
65	Why  not  buy  full  life  insurance  insurance? 
66	Would  you  demand  a  tax  deduction  for  life  insurance? 
67	What  Life  Insurance  Would  You  Borrow  from? 
68	What  is  a  good  life  insurance  rate? 
69	What  is  life  insurance  for  key  employees? 
70	How  do  I  discover  if  anybody  has  car  insurance? 
71	What  are  my  choices  if  my  teenage  daughter  is  declined  to  apply  to  the  family  automobile  policy? 
72	How  do  you  deal  for  cancer  insurance? 
73	What  kind  of  hospital  bed  will  be  paid  for  by  Medicare? 
74	Cobra  Health  Insurance  How  long  does  it  last? 
75	Could  I  get  my  parents  '  life  insurance? 
76	Home  Insurance  Compare? 
77	Will  you  carry  cash  value  for  Term  Life  Insurance? 
78	Do  you  have  life  insurance  for  my  father? 
79	What  is  Critical  Health  Insurance  covered? 
80	Is  long-term  insurance  for  charitable  individuals  worth  it? 
81	Is  it  possible  to  pay  Life  insurance  to  A  Minor? 
82	How  do  I  provide  employees  with  health  insurance? 
83	Which  offers  the  best  protection  for  long-term  care? 
84	Could  you  drop  an  insurance  dependent? 
85	When  should  universal  life  insurance  be  dropped? 
86	Can  you  submit  an  online  Medicare  Card  application? 
87	Worthwhile  is  Critical  Health  Insurance? 
88	What  is  the  cash  surrender  value  of  Life  Insurance? 
89	What  is  the  amount  of  an  extra  charge  for  a  medicare? 
90	How  do  life  insurers  check  for  cigarettes? 
91	If  I  cancel  my  car  insurance,  do  I  receive  a  refund? 
92	Who's  got  the  most  affordable  life  insurance? 
93	How  is  Life  Insurance  Working  When  I  Die? 
94	What  is  the  amount  of  claim  that  affects  car  insurance? 
95	Was  retired  military  pay  a  retirement  pension  plan  qualified? 
96	You  should  save  or  pay  off  debts  on  retirement? 
97	What  does  that  mean  if  you  have  an  insurance  policy  that  says  8000  cash  value  and  16000  facial  value? 
98	What  is  the  insurance  for  Good  Homeowners? 
99	Is  it  better  than  car  insurance  Van  Insurance? 
100	How  can  you  decide  how  much  life  insurance  you  need? 
101	Will  Life  Insurance  Compensation  By  Natural  Causes  Of  Death? 
102	How  can  I  qualify  for  a  life  insurance  purchase? 
103	Are  homeowners  a  waste  of  money  insurance? 
104	How  is  A  Home  Insurance  Claim  File? 
105	Could  you  negotiate  rates  for  life  insurance? 
106	How  long  can  children  stay  on  car  insurance  for  parents? 
107	How  long  will  kids  stay  on  car  insurance  parents? 
108	Who  has  the  most  robust  life  insurance  rates? 
109	Will  the  rates  of  annuity  increase  in  the  future? 
110	What  is  the  essence  of  annuity? 
111	How  much  does  A  40  Year  Old  Life  Insurance  Cost? 
112	Are  you  looking  for  life  insurance? 
113	What  is  part  D  of  the  cost  of  medicine? 
114	What  is  car  insurance  voluntary  deductible? 
115	Will  homeowners  pay  pesticide  disposal  insurance? 
116	Are  you  covered  by  Health  Insurance? 
117	Can  I  get  a  Car  I  Don't  Own  Insurance? 
118	How  do  you  save  money  on  the  insurance  company? 
119	Will  insurance  work  with  disability? 
120	If  I  have  cancer,  can  I  get  Disability  Insurance? 
121	What  are  some  people  below  30  years  of  age  best  ways  to  start  pension  plans? 
122	What  are  some  people  under  the  age  of  30  best  ways  to  start  pension  planning? 
123	Who  is  supposed  to  buy  health  insurance  for  a  long  period? 
124	Will  the  Cracked  Foundation  cover  homeowners  '  insurance? 
125	When  is  life  insurance  a  good  time? 
126	Could  I  find  out  who's  insured  for  life  on  me? 
127	The  10  Years  Ago  From  Leukemia  I  was  given  The  All  Clear.  Is  that  going  to  affect  a  life  insurance  application? 
128	What  does  life  insurance  mean  by  cash  value? 
129	What's  My  Parents  '  Best  Life  Insurance? 
130	Would  Renters  Pay  A  Stolen  Bike  Insurance? 
131	Who  is  buying  fixed  annuities? 
132	How  did  Universal  Life  Insurance  come  into  being? 
133	What  is  the  best  life  insurance  scheme? 
134	What  is  the  safest  way  to  buy  Life  Insurance? 
135	Does  Avonex  have  Medicare  Pay? 
136	Was  one  person  entitled  to  multiple  life  policies? 
137	How  to  get  the  best  rate  for  health  insurance? 
138	How  do  I  buy  insurance  for  life? 
139	What's  Medicare  Section  XVIII? 
140	Why  Life  Insurance  Market  is  Your  Life? 
141	Annuities  Who  Governs? 
142	When  do  you  bill  for  life  insurance? 
143	How  can  I  raising  insurance  rates  for  cars? 
144	If  Annuities  are  Payable? 
145	May  I  change  companies  for  Medigap? 
146	Would  I  buy  long  term  care  insurance  in  my  forties? 
147	How  do  you  calculate  car  insurance? 
148	Can  you  switch  insurance  for  homeowners  at  any  time? 
149	Who  is  meant  to  be  covered  in  variable  life? 
150	Why  do  I  pay  a  lot  to  insure  my  vehicle? 
151	If  you  are  a  kidney  failure,  can  life  insurance  companies  cancel  your  policies? 
152	What  is  the  extent  of  disability  insurance? 
153	May  I  apply  to  my  car  insurance  a  non-family  member? 
154	Is  it  common  for  property  owners  to  be  providers  for  tenant  insurance? 
155	When  You  Die,  how  does  the  Annuities  work? 
156	What  is  Medigap  Insurance  Cost? 
157	When  buying  a  house  for  home  insurance? 
158	How  do  I  need  and  what  child  for  Life  Insurance? 
159	Is  Medicare  going  to  pay  as  a  high  school? 
160	What  does  life  insurance  quota  mean? 
161	How  much  is  home  insurance  the  average  cost? 
162	What  is  the  age  of  medicare  for  you? 
163	Can  you  get  long-term  health  and  medicaid  insurance? 
164	Will  homeowners  have  Leaky  Roofs  insurance? 
165	Why  does  life  insurance  cost  more  to  men? 
166	What  country  doesn't  need  car  insurance? 
167	How  many  do  you  pay  for  Life  Insurance  on  average  person? 
168	How  do  I  get  protection  for  disabilities? 
169	Do  you  work  after  You  die  for  life  insurance? 
170	Would  you  recommend  Long  Term  insurance  to  Suze  Orman? 
171	If  I  have  a  stroke,  can  I  get  life  insurance? 
172	Is  the  Common  Fund  Tax  Exempt? 
173	What  better  is  A  Roth  IRA  than  A  401  K? 
174	Which  supplementary  medicare  package  is  right  for  me? 
175	Which  insurance  company  is  best  for  homeowners? 
176	When  do  you  apply  a  claim  on  life  insurance? 
177	In  Virginia,  what  is  a  good  health  plan? 
178	Was  my  life  insurance  allowed  to  borrow? 
179	Where  do  you  go  on  a  return  tax  insurance  company? 
180	What  is  an  Executive  Retreat  Supplementary  Plan? 
181	Long-term  insurance  is  cost-effective? 
182	What  is  the  Accumulation  Plan  for  Retreat? 
183	Do  I  have  polycystic  kidney  disease  to  get  life  insurance? 
184	Is  ERISA  open  to  long-term  care  insurance? 
185	What  Is  Life  Insurance  Objective? 
186	What  Is  Life  Insurance  for  Short  Term? 
187	Who  is  the  Life  Insurance  Company  Number  One? 
188	What  is  the  justification  for  health  insurance? 
189	How  can  I  decrease  rates  for  my  car  insurance? 
190	When  do  prices  for  annuity  go  up? 
191	What  are  the  quotes  for  Life  Insurance? 
192	Does  it  counter  the  law  not  to  be  insured? 
193	What  pays  for  long  term  benefits  for  disabled  people? 
194	When  are  you  paying  renewal  fees? 
195	How  much  should  I  pay  for  insurance  for  disabilities? 
196	How  much  does  life  insurance  pay  for  mortgages? 
197	Who  do  not  need  life  insurance? 
198	What  is  the  Small  Business  Pension  Plan? 
199	Why  is  the  best  kind  of  life  insurance? 
200	What  are  the  different  children  of  life  insurance? 
201	What  is  the  government  employee  pension  plan? 
202	Can  I  change  plans  for  Medigap? 
203	Why  can  insurance  undertakings  discriminate? 
204	If  there  was  no  medicine  what  would  happen? 
205	What  are  the  Medigap  policies  offered  by  companies? 
206	What  is  a  good  life  insurance  business? 
207	What  is  Life  Insurance's  primary  purpose? 
208	Is  A  Medicare  F  available? 
209	How  is  long-term  disability  insurance  entitled? 
210	What  is  the  cover  of  Birla  Sun  Life? 
211	Where  are  the  firms  merged  into  the  Metropolitan  Life  Insurance  Company? 
212	What  is  life  insurance  for  20  years? 
213	What  is  the  Bonus  Rate  for  Postal  Life  Insurance? 
214	Do  all  have  to  take  care  of  health  insurance? 
215	How  do  I  refer  Part  B  to  Medicare? 
216	How  do  you  work  with  disability  insurance? 
217	How  can  I  get  my  husband's  life  insurance? 
218	How  do  you  keep  your  mother  at  home  to  retire? 
219	What  does  Massachusetts  cost  for  homeowners? 
220	Does  the  doctor  reimburse  my  health  insurance? 
221	Was  premium  for  life  insurance  taken  into  account? 
222	What  is  the  Home  Insurance  Average  Deductible? 
223	When  buying  long-term  health  insurance,  what  are  some  things  to  consider? 
224	What  does  the  state  car  insurance  cover? 
225	Can  I  get  a  life  insurance  for  a  70  year  old? 
226	Do  you  have  trouble  with  home  insurance? 
227	How  are  Medicare  cuts  going  to  affect  patients? 
228	How  do  you  test  for  smoking  life  insurance? 
229	Will  homeowners  cover  the  wet  foundation  insurance? 
230	Whole  Life  Insurance  is  a  Graded  Death  Benefit? 
231	In  Illinois,  how  do  you  purchase  health  insurance? 
232	With  Universal  Life  Insurance  what  can  I  do? 
233	Do  you  benefit  from  Washington  Tax  Life  Insurance? 
234	Would  Health  Insurance  A  Breast  Pump  cover? 
235	How  do  I  calculate  the  rental  insurance  amount? 
236	Where  can  401  K  be  invested  after  retirement? 
237	How  is  LIFE  used  in  property  planning? 
238	How  do  I  get  your  parents  '  life  insurance? 
239	Is  Divorce  Impacting  Life  Insurance? 
240	Is  Annuity  Investing  a  Good  Idea? 
241	Is  Medicaid  or  Medigap  eligible  for  reimbursement  through  Medicare? 
242	What  does  life  insurance  mean  for  10  years? 
243	What  does  Medicare  Supplement  F  cover  exactly? 
244	Will  Humana  offer  products  for  life  insurance? 
245	How  much  is  the  cost  per  year  of  life  insurance? 
246	Where  to  buy  insurance  for  disability? 
247	Is  Medicare  going  to  pay  A  Quad  Cane? 
248	How  are  health  insurance  companies  making  money? 
249	Is  there  going  to  increase  my  premium  from  home  insurance? 
250	Why  are  long  term  care  insurance  companies  dropping? 
251	What  is  the  insurance  under  FIO? 
252	Is  Life  Insurance  Ethical  Owned  Corporate? 
253	Is  life  insurance  a  guarantee  of  a  loan? 
254	When  to  File  a  Claim  for  Car  Insurance? 
255	How  can  I  expect  to  retire  at  age  60? 
256	How  much  does  the  car  insurance  agent  do  by  policy? 
257	How  much  is  insurance  for  cars? 
258	How  does  universal  life  insurance  weighted  equity  function? 
259	If  I  buy  life  insurance,  what  should  I  know? 
260	Who  should  be  paid  for  long-term  care? 
261	What  is  Home  Insurance  Personal  Liability? 
262	Would  you  know  if  you  drink,  Life  Insurance? 
263	Does  Lucentis  pay  for  Medicare? 
264	Where  can  I  find  policies  for  Cheap  Renters? 
265	Take  from  Medicare  Obamacare? 
266	What  amount  of  tax  do  I  want  to  pay  for  LIFE? 
267	Can  anybody  get  life  insurance  on  a  disability? 
268	What  is  the  difference  in  terms  of  life  and  the  insurance  for  universal  life? 
269	Is  insurance  covered  by  Homeowners  Mudslides? 
270	What  is  Florida's  Best  Car  Insurance? 
271	What  is  Nuvaring's  Health  Insurance? 
272	What  is  Aflac  Health  Insurance  like? 
273	A  Qualified  Pension  Plan  Annuity  A? 
274	Was  Health  Insurance  covering  well-being  coaching? 
275	Were  people  living  with  HIV  insurance? 
276	Where  can  I  compare  rates  for  health  insurance? 
277	What  is  the  Life  Insurance  Volunteer? 
278	How  can  I  join  an  insurance  plan  for  a  group? 
279	Why  not  get  benefits  for  long-term  care? 
280	If  I  have  lung  cancer,  can  I  get  life  insurance? 
281	What  can  I  get  in  Georgia  for  Medigap  Insurance? 
282	What  does  car  insurance  cover  physical  damage? 
283	What  Do  Eye  Glass  Medicare  Cover? 
284	Do  you  include  home  life  insurance? 
285	What  can  I  do  if  your  application  for  home  insurance  is  denied? 
286	What  is  Crossover  Coverage  for  Medicare? 
287	What  can  I  consider  for  an  18  Year  Old  Cheap  Car  Insurance? 
288	Will  Progressive  Life  Insurance  Have? 
289	How  can  I  get  somebody's  life  insurance? 
290	Do  homeowners  cover  earthquakes  insurance? 
291	How  soon  can  I  get  medical  insurance? 
292	What  is  the  most  affordable  car  insurance  for  non-owners? 
293	How  should  I  do  an  IRA  Roth? 
294	What  is  Humana  Medicare  Gold? 
295	In  New  Jersey,  is  it  illegal  not  to  have  health  insurance? 
296	How  do  I  get  a  stance  on  medigap? 
297	How  much  life  insurance  does  your  mother  need  to  stay  at  home? 
298	What  does  a  health  insurance  deductible  mean? 
299	Why  do  you  plan  to  withdraw? 
300	How  do  you  work  ROP  Life  Insurance? 
301	How  long  does  a  life  insurance  policy  take  to  collect  money? 
302	Why  do  you  take  life  insurance  for  blood  and  urine? 
303	Is  VGLI  a  life  insurance  policy? 
304	Is  the  stability  of  Annuity  A? 
305	Where  should  I  purchase  a  New  Jersey  Critical  Illness  Insurance? 
306	Is  Magnetic  Stimulation  Transcranial  Medicare  Covered? 
307	Is  compensation  for  disability  a  healthcare  cost? 
308	Does  a  single  person  need  life  insurance? 
309	Could  Minor  be  a  Life  Insurance  Beneficiary? 
310	How  to  get  health  insurance  for  PPO? 
311	When  is  Long  Term  Care  Insurance  best  time  to  buy? 
312	Who  is  insurance  for  long-term  care? 
313	Will  Medicare  support  a  policy  of  life  insurance? 
314	Does  the  application  for  life  insurance  consider  High  Cholesterol  a  heart  problem? 
315	Is  the  demand  for  life  insurance  found  to  have  high  cholesterol  a  serious  heart  problems? 
316	How  to  get  insurance  for  long-term  care? 
317	What  is  the  Small  Business  Best  Pension  Plan? 
318	Where  can  I  find  insurance  rates  for  cars? 
319	What  is  the  gap  in  health  insurance? 
320	Could  life  insurance  support  more  than  one? 
321	Do  you  supply  Medicare  Cover  Insulin  Pump? 
322	Was  Child  Support  Health  Insurance  Included? 
323	Why  would  a  person  buy  a  life  insurance  policy? 
324	Who  is  AARP  Health  Insurance  Qualifying? 
325	Should  you  withdraw  from  a  global  life  insurance  policy? 
326	Is  there  life  insurance  for  obese  people? 
327	Can  an  old  age  of  21  be  insured  for  living? 
328	The  best  life  insurance  company  selling? 
329	Who  is  the  best  life  insurance  seller? 
330	Is  it  possible  to  get  life  insurance  from  a  70  years  old? 
331	Is  health  insurance  covering  pre-existing  conditions? 
332	Do  you  need  car  insurance  in  Wisconsin? 
333	Which  sort  of  car  insurance  does  A  Tree  cover? 
334	What  is  a  Card  for  Blue  Medicare? 
335	Who's  right  for  Annuities? 
336	Is  homeowners  going  to  cover  the  mold  insurance? 
337	How  does  life  insurance  and  disability  insurance  differ? 
338	In  Life  Insurance,  what  is  the  face  value? 
339	Why  are  claims  denied  under  Life  Insurance? 
340	What  is  the  best  medicare  benefit  plan? 
341	Do  I  have  a  Life  Insurance  Drug  Tested? 
342	A  life  insurance  policy  can  you  borrow? 
343	Does  the  Homeowners  '  Water  Heating  Damage  cover? 
344	How  should  I  be  covered  for  a  lifetime? 
345	Is  life  insurance  going  through  testing? 
346	Who  provides  coverage  for  medigap? 
347	With  Fixed  Index  Annuities,  what's  wrong? 
348	What  is  the  insurance  cover  for  Travelers  Renters? 
349	Is  Home  Insurance  Fire  Insurance  Included? 
350	How  to  end  your  offer  on  life  insurance? 
351	How  are  you  shopping  online  for  life  insurance? 
352	Is  policy  covering  wind  damage  to  homeowners? 
353	Do  you  have  Medicare  Part  A  coverage  in  ambulatory  care? 
354	Can  I  get  life  insurance  from  an  illegal  immigrant? 
355	Do  you  pay  for  Medical  Bills  with  Life  Insurance? 
356	Do  Homeowners  Cover  House  Insurance  Shift? 
357	Who  is  the  most  in  need  of  Life  Insurance? 
358	Several  life  insurance  companies  what  are  they? 
359	How  do  I  create  a  personal  pension  plan? 
360	When  can  I  buy  an  extra  medicare  policy? 
361	Once  you  turn  18,  will  car  insurance  go  down? 
362	How  do  I  get  New  Jersey  Life  Insurance  Online? 
363	What  is  a  health  insurance  deductible? 
364	How  to  deal  with  Auto  Claim  Adjusters  insurance? 
365	What  can  you  borrow  from  Life  Insurance? 
366	Can  anyone  get  life  insurance  with  Lupus? 
367	How  Do  Life  Insurance  Supplementary  Work? 
368	What  is  Select  Medigap? 
369	Are  Metlife  offering  renewals? 
370	Why  would  you  buy  a  baby's  life  insurance? 
371	Is  the  Life  Insurance  State  Farm  a  good  company? 
372	Home  Insurance  is  a  legal  obligation? 
373	How  much  more  is  Smokers  '  Life  Insurance? 
374	Will  Homeowners  And  Driveways  and  insurance? 
375	What  does  Long  Term  Insurance  cover  for  Disabilities? 
376	Is  there  a  tax  deduction  for  life  insurance? 
377	How  do  Life  Insurance  Companies  Drug  Test? 
378	Can  I  have  insurance  policies  for  two  pensioners? 
379	A  nose  job  covered  by  Health  Insurance? 
380	What  is  the  cost  of  a  policy  for  Medigap? 
381	When  I  donate  a  kidney,  can  I  get  health  insurance? 
382	Is  it  permissible  not  to  protect  property  owners? 
383	Was  Ant  Damage  covered  by  insurance  paid  by  homeowners? 
384	Which  is  the  most  affordable  car  insurance  company? 
385	What's  the  best  option  for  Medicare? 
386	How  much  does  a  family  of  three  have  health  insurance? 
387	Who  in  Oregon  controls  long-term  care  insurance? 
388	What  is  the  best  medical  insurance? 
389	Do  I  have  pre-existing  conditions  for  health  insurance  in  New  Hampshire? 
390	How  are  variable  annuities  appreciated? 
391	Can  a  health  insurance  provider  cancel  when  an  employee  is  disabled? 
392	Why  should  I  have  a  universal  life  insurance  policy? 
393	Is  insurance  covered  by  homeowners  overflow  toilet? 
394	Is  health  insurance  long-term  a  good  idea? 
395	Why  do  you  draw  life  insurance  blood? 
396	How  much  is  a  premium  for  life  insurance? 
397	What's  the  most  affordable  insurance  company? 
398	Where  can  you  use  the  A  401  K  roller? 
399	What  Is  Medicare  Supplemental  Plan  J? 
400	At  age  25,  does  automotive  insurance  fall? 
401	How  do  I  get  somebody's  life  insurance  policy? 
402	How  can  I  buy  somebody  without  life  insurance? 
403	What  are  Critical  Illness  Insurance  covered  by  diseases? 
404	How  much  is  Medicaid  Health  Insurance? 
405	Do  you  default  on  Term  Life  Insurance? 
406	Will  you  default  on  term  life  insurance? 
407	What  is  the  average  cost  of  insurance  for  pensioners? 
408	Why  get  your  children's  life  insurance? 
409	Is  it  worth  the  cost  of  disability  insurance? 
410	Do  you  cover  the  liability  of  Home  Insurance? 
411	Which  provides  best  insurance  for  long  term  care? 
412	Can  I  withhold  the  premiums  from  my  fee  for  disability  insurance? 
413	How  much  does  Medicare  want  to  grow? 
414	Why  do  landlords  need  insurance  for  renters? 
415	Will  Term  Life  Prime  Insurance  Increase? 
416	Will  My  Friend's  insurance  cover  an  uninsured  boat  crash  into  a  tree? 
417	Do  you  cover  road  hazards  with  auto  insurance? 
418	Is  Blepharoplasty  Medicinal? 
419	When  can  Sue  Me  be  a  car  insurance  company? 
420	How  to  get  insurance  for  long  term? 
421	How  much  critical  health  insurance  is  to  be  purchased? 
422	Was  urinary  incontinence  regulation  hypnotherapy  compensated  by  radiation  therapy  medicine? 
423	Why  do  people  buy  life  insurance  for  the  entire  population? 
424	You  need  life  insurance  for  your  child? 
425	Would  you  withhold  protection  from  a  rental  property  from  homeowners? 
426	What  is  the  Business  of  American  General  Life  and  Accident  Insurance? 
427	Are  car  insurance  technical  maintenance  going  to  cover? 
428	What  is  the  reason  for  Whole  Life  Insurance? 
429	Who's  got  good  insurance  renters? 
430	What  is  the  levy  on  Annuity  Gains? 
431	Can  I  get  Sleep  Apnea  Life  Insurance? 
432	May  I  apply  online  for  life  insurance? 
433	Can  I  go  without  medical  insurance  to  ER? 
434	What  is  the  effect  on  medicare? 
435	Would  women  get  life  insurance  for  pregnant  women? 
436	How  do  I  get  life  insurance  in  cash? 
437	How  much  is  a  monthly  pension  premium  for  an  apartment? 
438	If  hypothecary  insurance  is  a  good  idea,  when? 
439	Is  it  possible  to  take  out  life  insurance? 
440	How  long  will  you  pay  for  life  insurance? 
441	What  age  do  rates  increase  for  life  insurance? 
442	At  what  age  do  you  increase  life  insurance  rates? 
443	How  do  health  insurance  companies  check  for  pharmaceutical  products? 
444	Do  you  need  cover  in  a  condo  for  homeowners? 
445	What  is  an  unsolicited  savings  plan  for  retirement? 
446	When  do  you  take  insurance  with  your  disability? 
447	Are  there  two  private  insurances  that  are  all  right? 
448	What  is  life  insurance  for  people? 
449	How  much  does  it  cost  to  renters  to  insure  liabilities? 
